Date,Platform,Campaign Name,Impressions,Clicks,Conversions,Spend (£),Audience Age Group,Region
2025-04-30,Facebook,Architect E-Business Initiatives,4278,4606,125,2309.79,18-24,Online
2025-04-16,Facebook,Enhance Collaborative Roi,78397,7012,16,394.99,25-34,South
2025-03-12,Facebook,Deliver Plug-And-Play Paradigms,74563,3357,279,4253.25,45-54,Online
2025-03-31,Twitter,Incentivize Plug-And-Play E-Business,1851,2715,216,3468.48,25-34,South
2025-04-18,Twitter,Empower Clicks-And-Mortar Models,14396,1619,194,1057.49,35-44,Online
2025-05-04,Twitter,Morph End-To-End Relationships,6695,7627,274,1335.78,45-54,North
2025-03-21,Twitter,Unleash Mission-Critical Systems,83397,6025,295,2003.66,18-24,North
2025-03-22,Instagram,Maximize Out-Of-The-Box E-Commerce,38930,1407,119,8678.19,45-54,East
2025-05-23,LinkedIn,Matrix 24/7 Web-Readiness,84320,6077,83,3764.79,25-34,East
2025-05-22,Facebook,Disintermediate Scalable Schemas,80840,2903,273,7318.36,25-34,West
2025-06-08,LinkedIn,Disintermediate Back-End Communities,36382,9225,112,6877.68,18-24,South
2025-05-22,Facebook,Envisioneer Clicks-And-Mortar Technologies,42347,6672,137,755.27,55+,East
2025-03-31,Instagram,Implement Cutting-Edge Mindshare,86909,8279,202,8858.36,45-54,South
2025-06-03,Twitter,Iterate Dot-Com Portals,19301,4140,287,5435.88,55+,West
2025-05-11,LinkedIn,Generate Global Info-Mediaries,48447,3693,70,5144.31,18-24,North
2025-05-15,Facebook,Embrace Distributed Applications,21033,2721,216,6004.45,45-54,West
2025-05-19,LinkedIn,Orchestrate Open-Source Synergies,70352,4219,283,8621.72,18-24,North
2025-03-18,Twitter,Evolve Bleeding-Edge Web Services,85012,5673,57,3005.65,25-34,West
2025-05-16,Facebook,Integrate Integrated Eyeballs,95646,4415,256,7643.43,55+,North
2025-04-21,Twitter,Morph Revolutionary Infrastructures,84748,8417,101,1613.11,25-34,Online
2025-05-18,Facebook,Mesh Front-End Interfaces,79504,5410,250,292.82,35-44,East
2025-04-07,Instagram,Synthesize Frictionless Users,8592,4046,290,9474.8,18-24,West
2025-04-12,Facebook,Syndicate E-Business Deliverables,70822,2160,65,6631.53,55+,South
2025-05-22,Twitter,Seize B2B Methodologies,70163,7032,108,9296.24,25-34,East
2025-05-07,LinkedIn,Generate Magnetic Deliverables,89039,6218,224,9006.18,45-54,North
2025-04-07,Instagram,Orchestrate Front-End Roi,30451,1149,173,308.24,55+,South
2025-03-11,Instagram,Harness Extensible Deliverables,1942,1263,30,2366.52,18-24,East
2025-06-02,Facebook,Integrate Value-Added Schemas,68391,3999,142,6722.88,25-34,Online
2025-03-30,Instagram,Harness Front-End Supply-Chains,95811,9455,295,4779.44,45-54,West
2025-04-25,Instagram,Maximize World-Class Bandwidth,13363,1688,220,3607.55,45-54,West
2025-04-19,Facebook,Architect Turn-Key Bandwidth,89259,1712,31,4085.95,35-44,North
2025-04-13,Instagram,Aggregate Seamless Initiatives,26112,3216,274,4541.27,45-54,South
2025-05-07,Twitter,Extend Cross-Media Functionalities,61637,4192,38,4486.99,55+,North
2025-05-29,Facebook,Innovate Clicks-And-Mortar Infrastructures,86477,8956,7,9693.06,25-34,South
2025-05-18,LinkedIn,Leverage Transparent Markets,64653,7986,109,8660.04,18-24,South
2025-03-09,LinkedIn,Deliver Impactful Schemas,1282,6496,135,9272.53,45-54,East
2025-04-05,LinkedIn,Architect Collaborative Architectures,92303,9205,249,1632.49,35-44,South
2025-03-13,Facebook,Evolve Intuitive Partnerships,76914,8983,31,7504.96,18-24,North
2025-04-26,LinkedIn,Revolutionize One-To-One Networks,66909,8801,80,663.11,55+,North
2025-06-06,Instagram,Synergize Best-Of-Breed Paradigms,9981,9849,34,6784.6,25-34,West
2025-05-26,Facebook,Drive Revolutionary Eyeballs,75668,4133,296,5985.74,55+,North
2025-03-28,LinkedIn,E-Enable Synergistic Metrics,87163,9662,289,5275.55,35-44,South
2025-04-07,Twitter,Extend Magnetic Markets,32285,4451,202,1395.69,35-44,West
2025-04-09,Twitter,Morph Open-Source Deliverables,99548,1288,4,4637.03,55+,North
2025-05-29,Facebook,Scale Bleeding-Edge Info-Mediaries,71468,3592,259,2725.48,35-44,North
2025-03-26,Instagram,Extend Impactful Platforms,49434,4769,80,4438.03,55+,East
2025-06-02,Facebook,Re-Contextualize Revolutionary Content,88538,9186,153,9324.38,18-24,South
2025-05-11,Twitter,Deploy Rich Action-Items,16129,1853,283,1638.93,35-44,Online
2025-04-19,Instagram,Orchestrate Dynamic Architectures,95058,5717,104,6906.22,35-44,Online
2025-03-12,LinkedIn,Aggregate Turn-Key Metrics,33914,932,47,6379.42,35-44,North
2025-03-17,Facebook,Revolutionize Intuitive Relationships,44719,2243,134,1699.66,45-54,Online
2025-04-17,LinkedIn,Innovate Innovative E-Commerce,74519,258,57,844.91,25-34,Online
2025-04-11,Facebook,Maximize Transparent Interfaces,49393,9643,282,1566.13,25-34,North
2025-04-15,Twitter,Deliver Robust Technologies,48795,753,183,2179.76,25-34,North
2025-06-05,Twitter,Evolve Open-Source Supply-Chains,74385,6758,79,9265.06,25-34,South
2025-03-13,Instagram,Brand Back-End E-Commerce,55040,506,91,7391.99,35-44,West
2025-04-02,Instagram,Disintermediate Seamless E-Commerce,35970,2708,55,3887.16,18-24,West
2025-03-19,Instagram,Visualize B2C E-Markets,27158,7641,179,3121.39,25-34,South
2025-05-05,Facebook,Benchmark Magnetic Markets,87511,3264,204,3349.79,18-24,East
2025-05-30,Twitter,Mesh Proactive Methodologies,85080,8446,204,6827.23,55+,East
